{
  "scope": "Bootstrap task-level CIs, paired deltas, and Pareto inputs.",
  "tasks": 26,
  "task_ids": [
    "phase0_seed_code_fix_001",
    "phase0_seed_negative_memory_001",
    "phase1_code_binary_search_001",
    "phase1_code_clamp_001",
    "phase1_code_config_001",
    "phase1_code_config_get_001",
    "phase1_code_csv_001",
    "phase1_code_doc_001",
    "phase1_code_edge_001",
    "phase1_code_email_001",
    "phase1_code_env_flag_001",
    "phase1_code_flatten_001",
    "phase1_code_hash_001",
    "phase1_code_import_001",
    "phase1_code_json_001",
    "phase1_code_mean_001",
    "phase1_code_merge_001",
    "phase1_code_palindrome_001",
    "phase1_code_parse_int_001",
    "phase1_code_pkg_helper_001",
    "phase1_code_refactor_001",
    "phase1_code_sanitize_001",
    "phase1_code_slugify_001",
    "phase1_code_strip_tags_001",
    "phase1_code_trim_lines_001",
    "phase1_code_url_001"
  ],
  "model": "Qwen3-30B-A3B-Instruct-2507",
  "provider": "openai",
  "baselines": {
    "single_react_llm_agent": {
      "mean": 0.8846153846153846,
      "ci_low": 0.7692307692307693,
      "ci_high": 1.0,
      "cost_norm_mean": 0.8333333333333334,
      "cost_norm_ci_low": 0.6923076923076923,
      "cost_norm_ci_high": 0.9615384615384616,
      "mean_model_calls": 1.23,
      "mean_total_tokens": 582.0,
      "mean_latency_ms": 1512.58,
      "cost_normalized_success": 0.7187
    },
    "fixed_workflow_llm_agent": {
      "mean": 0.6538461538461539,
      "ci_low": 0.46153846153846156,
      "ci_high": 0.8076923076923077,
      "cost_norm_mean": 0.5705128205128205,
      "cost_norm_ci_low": 0.391025641025641,
      "cost_norm_ci_high": 0.7435897435897437,
      "mean_model_calls": 1.19,
      "mean_total_tokens": 558.08,
      "mean_latency_ms": 1416.73,
      "cost_normalized_success": 0.5484
    },
    "retrieval_memory_llm_agent": {
      "mean": 0.8461538461538461,
      "ci_low": 0.6923076923076923,
      "ci_high": 0.9615384615384616,
      "cost_norm_mean": 0.7371794871794872,
      "cost_norm_ci_low": 0.5833333333333333,
      "cost_norm_ci_high": 0.8846153846153846,
      "mean_model_calls": 1.35,
      "mean_total_tokens": 686.5,
      "mean_latency_ms": 1610.23,
      "cost_normalized_success": 0.6286
    },
    "moa_style_llm_agent": {
      "mean": 0.9615384615384616,
      "ci_low": 0.8846153846153846,
      "ci_high": 1.0,
      "cost_norm_mean": 0.46794871794871795,
      "cost_norm_ci_low": 0.4230769230769231,
      "cost_norm_ci_high": 0.5,
      "mean_model_calls": 2.08,
      "mean_total_tokens": 963.69,
      "mean_latency_ms": 3149.81,
      "cost_normalized_success": 0.463
    },
    "agent_attention_llm_tuned": {
      "mean": 0.8461538461538461,
      "ci_low": 0.6923076923076923,
      "ci_high": 0.9615384615384616,
      "cost_norm_mean": 0.4230769230769231,
      "cost_norm_ci_low": 0.34615384615384615,
      "cost_norm_ci_high": 0.4807692307692308,
      "mean_model_calls": 2.0,
      "mean_total_tokens": 1037.58,
      "mean_latency_ms": 2587.5,
      "cost_normalized_success": 0.4231
    },
    "cascade_react_moa_llm": {
      "mean": 0.9230769230769231,
      "ci_low": 0.8076923076923077,
      "ci_high": 1.0,
      "cost_norm_mean": 0.8012820512820513,
      "cost_norm_ci_low": 0.6666666666666666,
      "cost_norm_ci_high": 0.9230769230769229,
      "mean_model_calls": 1.65,
      "mean_total_tokens": 848.27,
      "mean_latency_ms": 1954.54,
      "cost_normalized_success": 0.5581
    },
    "cascade_react_aa_lite_llm": {
      "mean": 1.0,
      "ci_low": 1.0,
      "ci_high": 1.0,
      "cost_norm_mean": 0.8685897435897437,
      "cost_norm_ci_low": 0.7564102564102565,
      "cost_norm_ci_high": 0.967948717948718,
      "mean_model_calls": 1.5,
      "mean_total_tokens": 764.96,
      "mean_latency_ms": 2119.19,
      "cost_normalized_success": 0.6667
    },
    "cascade_react_aa_moa_llm": {
      "mean": 1.0,
      "ci_low": 1.0,
      "ci_high": 1.0,
      "cost_norm_mean": 0.7897435897435897,
      "cost_norm_ci_low": 0.6615384615384616,
      "cost_norm_ci_high": 0.8974358974358976,
      "mean_model_calls": 1.69,
      "mean_total_tokens": 824.42,
      "mean_latency_ms": 2282.92,
      "cost_normalized_success": 0.5909
    }
  },
  "paired_comparisons": [
    {
      "baseline_a": "moa_style_llm_agent",
      "baseline_b": "single_react_llm_agent",
      "paired_tasks": 26,
      "wins_a": 3,
      "wins_b": 1,
      "ties": 22,
      "mean_delta_success": 0.07692307692307693
    },
    {
      "baseline_a": "agent_attention_llm_tuned",
      "baseline_b": "single_react_llm_agent",
      "paired_tasks": 26,
      "wins_a": 2,
      "wins_b": 3,
      "ties": 21,
      "mean_delta_success": -0.038461538461538464
    },
    {
      "baseline_a": "cascade_react_aa_lite_llm",
      "baseline_b": "single_react_llm_agent",
      "paired_tasks": 26,
      "wins_a": 3,
      "wins_b": 0,
      "ties": 23,
      "mean_delta_success": 0.11538461538461539
    },
    {
      "baseline_a": "cascade_react_moa_llm",
      "baseline_b": "single_react_llm_agent",
      "paired_tasks": 26,
      "wins_a": 2,
      "wins_b": 1,
      "ties": 23,
      "mean_delta_success": 0.038461538461538464
    },
    {
      "baseline_a": "cascade_react_aa_lite_llm",
      "baseline_b": "agent_attention_llm_tuned",
      "paired_tasks": 26,
      "wins_a": 4,
      "wins_b": 0,
      "ties": 22,
      "mean_delta_success": 0.15384615384615385
    }
  ],
  "pareto_frontier": [
    "cascade_react_aa_lite_llm",
    "fixed_workflow_llm_agent",
    "single_react_llm_agent"
  ],
  "paired_task_table": [
    {
      "task_id": "phase0_seed_code_fix_001",
      "single_react_llm_agent": true,
      "single_react_llm_agent_calls": 1,
      "moa_style_llm_agent": true,
      "moa_style_llm_agent_calls": 2,
      "agent_attention_llm_tuned": true,
      "agent_attention_llm_tuned_calls": 2,
      "cascade_react_aa_lite_llm": true,
      "cascade_react_aa_lite_llm_calls": 1,
      "cascade_react_moa_llm": true,
      "cascade_react_moa_llm_calls": 3
    },
    {
      "task_id": "phase0_seed_negative_memory_001",
      "single_react_llm_agent": true,
      "single_react_llm_agent_calls": 1,
      "moa_style_llm_agent": true,
      "moa_style_llm_agent_calls": 3,
      "agent_attention_llm_tuned": true,
      "agent_attention_llm_tuned_calls": 2,
      "cascade_react_aa_lite_llm": true,
      "cascade_react_aa_lite_llm_calls": 2,
      "cascade_react_moa_llm": true,
      "cascade_react_moa_llm_calls": 1
    },
    {
      "task_id": "phase1_code_binary_search_001",
      "single_react_llm_agent": true,
      "single_react_llm_agent_calls": 1,
      "moa_style_llm_agent": true,
      "moa_style_llm_agent_calls": 2,
      "agent_attention_llm_tuned": true,
      "agent_attention_llm_tuned_calls": 2,
      "cascade_react_aa_lite_llm": true,
      "cascade_react_aa_lite_llm_calls": 1,
      "cascade_react_moa_llm": true,
      "cascade_react_moa_llm_calls": 1
    },
    {
      "task_id": "phase1_code_clamp_001",
      "single_react_llm_agent": true,
      "single_react_llm_agent_calls": 1,
      "moa_style_llm_agent": true,
      "moa_style_llm_agent_calls": 2,
      "agent_attention_llm_tuned": true,
      "agent_attention_llm_tuned_calls": 2,
      "cascade_react_aa_lite_llm": true,
      "cascade_react_aa_lite_llm_calls": 1,
      "cascade_react_moa_llm": true,
      "cascade_react_moa_llm_calls": 1
    },
    {
      "task_id": "phase1_code_config_001",
      "single_react_llm_agent": true,
      "single_react_llm_agent_calls": 1,
      "moa_style_llm_agent": true,
      "moa_style_llm_agent_calls": 2,
      "agent_attention_llm_tuned": false,
      "agent_attention_llm_tuned_calls": 2,
      "cascade_react_aa_lite_llm": true,
      "cascade_react_aa_lite_llm_calls": 1,
      "cascade_react_moa_llm": true,
      "cascade_react_moa_llm_calls": 1
    },
    {
      "task_id": "phase1_code_config_get_001",
      "single_react_llm_agent": true,